model,run,roc_auc,pr_auc
rf_six_features,7,0.6205890744389195,0.5834766946787774
rf_six_features,13,0.703678223223815,0.6492767607162375
rf_six_features,21,0.7031934337246604,0.6562831817388667
rf_six_features,42,0.7274258287458627,0.7128459949005714
rf_six_features,99,0.7365777777777778,0.743435870043416
rf_six_features,101,0.7632940501436742,0.7463011010670886
rf_six_features,202,0.7118130688814832,0.6748999615120841
rf_six_features,303,0.6316666062870996,0.6078039255096603
rf_six_features,404,0.7090942061034939,0.6900500328892507
rf_six_features,505,0.6393988488013772,0.6029142107613292
rf_six_features,all,0.6945554339703915,0.2193783062293458
rank_nearest_major_road,7,0.6970237827188291,0.6585494916816124
rank_nearest_major_road,13,0.7180828741396375,0.6883107967936041
rank_nearest_major_road,21,0.7408655364105348,0.6898957876885436
rank_nearest_major_road,42,0.7211677542259036,0.681147669112435
rank_nearest_major_road,99,0.7093812865497076,0.7007462465468575
rank_nearest_major_road,101,0.7375801174598168,0.7206838483310436
rank_nearest_major_road,202,0.7040648707880166,0.6667471317247722
rank_nearest_major_road,303,0.6811745294225248,0.6305519808593224
rank_nearest_major_road,404,0.7134771733254706,0.6768048407993946
rank_nearest_major_road,505,0.6945156111610506,0.6492850127176624
rank_nearest_major_road,all,0.7185058539345381,0.20317084745992928
rank_nearest_road,7,0.6705311734475821,0.6430301475102572
rank_nearest_road,13,0.7527080365622032,0.7416310374854876
rank_nearest_road,21,0.7068448517979853,0.6733626409697477
rank_nearest_road,42,0.6929519658955142,0.6663957686148099
rank_nearest_road,99,0.6956609857978279,0.6840319773464753
rank_nearest_road,101,0.7481991709209754,0.7355338490861105
rank_nearest_road,202,0.6858400716456983,0.6654800741512602
rank_nearest_road,303,0.6520720926866487,0.6292863134355591
rank_nearest_road,404,0.7049742984913264,0.676103607455733
rank_nearest_road,505,0.674450626392616,0.6618309733503909
rank_nearest_road,all,0.7097340282598532,0.22181749095320455
logreg_six_features,7,0.736993557869719,0.6857564904476391
logreg_six_features,13,0.7506247786924115,0.6974641871934748
logreg_six_features,21,0.7682715666992384,0.7208950239083837
logreg_six_features,42,0.7453338063715822,0.7083288123710267
logreg_six_features,99,0.7169762740183792,0.6859551486167776
logreg_six_features,101,0.7670645461472528,0.7559530199304103
logreg_six_features,202,0.7056509252800813,0.6761831095206359
logreg_six_features,303,0.7045693597128989,0.6609622557109478
logreg_six_features,404,0.7329498255442528,0.683973029559821
logreg_six_features,505,0.7027145790829629,0.6571021155893311
logreg_six_features,all,0.751158877670669,0.2578563870273215
rf_roads_only,7,0.6714985432237753,0.6366639791220652
rf_roads_only,13,0.7111899912352811,0.676879011525422
rf_roads_only,21,0.6757628783167376,0.6332680342608917
rf_roads_only,42,0.7201015317292907,0.7178097660785416
rf_roads_only,99,0.7080402673350041,0.7088985084479209
rf_roads_only,101,0.7220173802805382,0.7102628198242866
rf_roads_only,202,0.6090595694799659,0.5821361072456555
rf_roads_only,303,0.6087627761555808,0.6090361176414376
rf_roads_only,404,0.6567020492407489,0.6231202729659107
rf_roads_only,505,0.6531175537731541,0.6198687635803791
rf_roads_only,all,0.7030745265756625,0.21817356040719377
