cell_size_m,population,seed,feature,feature_label,rank,mean_auc_drop,std_across_folds,folds_positive,folds,fold_1,fold_2,fold_3,fold_4,fold_5
1000,balanced,42,distance_to_major_road_km,Nearest major road,1,0.11433676464703628,0.04003159932743471,5,5,0.07424242424242426,0.14884259259259264,0.1512463343108504,0.12833333333333335,0.06901913875598079
1000,balanced,42,road_distance_km,Nearest mapped road,2,0.07984960813568623,0.028592212278797182,5,5,0.07979797979797983,0.07430555555555562,0.058284457478005834,0.05874999999999999,0.1281100478468899
1000,balanced,42,listed_places_within_radius,Landscape places within 5 km,3,0.018226433120108847,0.028656302904167114,4,5,0.04898989898989903,-0.022453703703703663,0.041935483870967724,0.007708333333333317,0.01495215311004781
1000,balanced,42,distance_to_nearest_town_center_km,Nearest town centre,4,0.018110563401416556,0.018393247636252247,4,5,0.0372474747474748,0.023958333333333404,-0.009970674486803522,0.010729166666666673,0.028588516746411424
1000,balanced,42,distance_to_listed_tourist_place,Nearest landscape place,5,0.013523254260202473,0.03604385598023533,3,5,-0.019696969696969664,0.027199074074074136,0.0508064516129032,-0.029687500000000026,0.03899521531100471
1000,balanced,42,attraction_count_within_5km,Falls and mountains within 5 km,6,0.009723363730685464,0.030890962658026305,4,5,-0.03611111111111108,0.019097222222222276,0.012463343108504398,0.003645833333333309,0.04952153110047842
1000,all_empty,,distance_to_major_road_km,Nearest major road,1,0.07671572121998968,0.0322546327260025,5,5,0.048139632107023364,0.0759510869565218,0.10964052287581702,0.04135433280170115,0.10849303135888506
1000,all_empty,,road_distance_km,Nearest mapped road,2,0.06161688675519712,0.015711372976704514,5,5,0.038890050167224056,0.05898306856187295,0.0814133986928105,0.06971690590111637,0.05908101045296171
1000,all_empty,,attraction_count_within_5km,Falls and mountains within 5 km,3,0.01989802160108295,0.01780305966161629,4,5,0.016534280936454798,-0.0030413879598661596,0.046643518518518556,0.01695241892610308,0.022401277584204477
1000,all_empty,,listed_places_within_radius,Landscape places within 5 km,4,0.0019451292149255607,0.01714176306346363,3,5,-0.021833193979933163,-0.0064590301003343955,0.02235157952069719,0.002658160552897326,0.013008130081300844
1000,all_empty,,distance_to_listed_tourist_place,Nearest landscape place,5,-0.002378885797505852,0.011080928258758371,2,5,-0.010409698996655564,-0.006725543478260832,0.007836328976034862,0.010971557682083943,-0.013567073170731669
1000,all_empty,,distance_to_nearest_town_center_km,Nearest town centre,6,-0.01105855166523086,0.03273742759969552,2,5,-0.05664715719063549,-0.027973453177257468,0.025245098039215718,-0.00938995215311012,0.01347270615563304
1000,balanced,7,distance_to_major_road_km,Nearest major road,1,0.05654053056363426,0.06235435491383221,4,5,0.10799220272904486,0.0029545454545454874,0.12011764705882347,0.07111742424242422,-0.019479166666666686
1000,balanced,7,road_distance_km,Nearest mapped road,2,0.03436147282942949,0.04392723576036581,4,5,0.015399610136452246,-0.022840909090909068,0.026294117647058794,0.06107954545454545,0.091875
1000,balanced,7,distance_to_nearest_town_center_km,Nearest town centre,3,-0.003011756171102154,0.02636210595798331,2,5,0.02007797270955165,-0.029999999999999978,-0.009705882352941226,-0.024337121212121216,0.028906250000000005
1000,balanced,7,attraction_count_within_5km,Falls and mountains within 5 km,4,-0.006782972527128886,0.013325893574953618,1,5,0.015204678362573092,-0.009602272727272706,-0.00611764705882355,-0.013399621212121243,-0.020000000000000025
1000,balanced,7,listed_places_within_radius,Landscape places within 5 km,5,-0.013329278596074268,0.037042901416195186,2,5,0.0006822612085770008,-0.025227272727272702,0.04447058823529408,-0.04053030303030304,-0.04604166666666667
1000,balanced,7,distance_to_listed_tourist_place,Nearest landscape place,6,-0.04055009642347104,0.03301451177525178,1,5,0.009551656920077978,-0.08028409090909085,-0.032529411764705925,-0.05407196969696972,-0.045416666666666675
1000,balanced,13,road_distance_km,Nearest mapped road,1,0.1629177352382364,0.06051972558000014,5,5,0.2391666666666666,0.16145484949832772,0.09588477366255144,0.20546874999999995,0.11261363636363635
1000,balanced,13,distance_to_major_road_km,Nearest major road,2,0.019568732369683428,0.02076920499504366,5,5,0.011874999999999986,0.006270903010033441,0.011111111111111089,0.012109374999999922,0.056477272727272695
1000,balanced,13,listed_places_within_radius,Landscape places within 5 km,3,0.017182774359631222,0.04417188367721747,3,5,0.06489583333333335,0.01279264214046823,0.05617283950617282,-0.006640625000000067,-0.04130681818181821
1000,balanced,13,distance_to_nearest_town_center_km,Nearest town centre,4,-0.0014897261080081402,0.01201224070536341,3,5,0.006041666666666662,-0.012207357859531759,0.008127572016460888,-0.0167968750000001,0.007386363636363608
1000,balanced,13,attraction_count_within_5km,Falls and mountains within 5 km,5,-0.0070284566955007965,0.003295189733843974,0,5,-0.0031249999999999833,-0.009448160535117045,-0.009053497942386846,-0.009765625000000083,-0.0037500000000000254
1000,balanced,13,distance_to_listed_tourist_place,Nearest landscape place,6,-0.01890659904820536,0.03388423040787159,2,5,-0.06843750000000001,-0.006103678929765893,0.00843621399176953,-0.038541666666666766,0.010113636363636347
1000,balanced,21,distance_to_major_road_km,Nearest major road,1,0.12390971252531516,0.08515259771891538,5,5,0.23498677248677252,0.17478991596638654,0.10953282828282829,0.011517241379310312,0.08872180451127813
1000,balanced,21,road_distance_km,Nearest mapped road,2,0.06251565794955354,0.05769427116842832,4,5,0.1346560846560847,0.05189075630252101,0.06755050505050506,-0.0244137931034483,0.08289473684210523
1000,balanced,21,attraction_count_within_5km,Falls and mountains within 5 km,3,0.016460411909360345,0.017100306232088924,4,5,0.011706349206349243,0.012184873949579855,0.03510101010101009,-0.0075172413793103575,0.030827067669172897
1000,balanced,21,distance_to_listed_tourist_place,Nearest landscape place,4,-9.54540807321819e-05,0.017813518232748123,2,5,-0.008465608465608426,0.0008403361344538063,0.028914141414141427,-0.01875862068965519,-0.0030075187969925256
1000,balanced,21,listed_places_within_radius,Landscape places within 5 km,5,-0.0024947792602164373,0.025430937795381366,2,5,0.024007936507936534,-0.014705882352941152,0.021022727272727283,-0.03668965517241382,-0.006109022556391031
1000,balanced,21,distance_to_nearest_town_center_km,Nearest town centre,6,-0.019976448961956612,0.028932075086499382,1,5,-0.01177248677248675,-0.04271708683473388,0.013320707070707071,-0.056551724137931095,-0.002161654135338398
1000,balanced,99,distance_to_major_road_km,Nearest major road,1,0.10042486215538846,0.052155236001061,5,5,0.12380952380952377,0.034398496240601525,0.14175438596491224,0.14726190476190484,0.054899999999999914
1000,balanced,99,road_distance_km,Nearest mapped road,2,0.07948735171261487,0.05107133788451708,5,5,0.06984126984126979,0.09235588972431077,0.07881578947368421,0.14952380952380961,0.006899999999999929
1000,balanced,99,attraction_count_within_5km,Falls and mountains within 5 km,3,0.02007200501253132,0.015263228280823438,4,5,0.02470238095238092,0.027255639097744356,0.0375877192982456,0.013214285714285812,-0.0024000000000000852
1000,balanced,99,listed_places_within_radius,Landscape places within 5 km,4,0.018736332497911446,0.035755150610866995,4,5,-0.025496031746031784,0.006766917293233071,0.07359649122807017,0.02071428571428583,0.018099999999999932
1000,balanced,99,distance_to_nearest_town_center_km,Nearest town centre,5,0.014864820384294061,0.012196774457347825,5,5,0.018353174603174583,0.027192982456140342,0.00403508771929823,0.024642857142857244,9.999999999991128e-05
1000,balanced,99,distance_to_listed_tourist_place,Nearest landscape place,6,0.011125430242272352,0.03287334838351295,4,5,0.04384920634920632,0.006390977443609047,0.036929824561403514,0.007857142857142957,-0.03940000000000006
1000,balanced,101,road_distance_km,Nearest mapped road,1,0.09924236949349736,0.018183322957280874,5,5,0.08762626262626276,0.07909919028340082,0.11716666666666672,0.09265306122448982,0.11966666666666667
1000,balanced,101,distance_to_major_road_km,Nearest major road,2,0.08461924408089826,0.03997594593925694,5,5,0.09722222222222235,0.05293522267206478,0.09708333333333338,0.1381887755102041,0.03766666666666667
1000,balanced,101,attraction_count_within_5km,Falls and mountains within 5 km,3,0.03605979617708945,0.01726024280884543,5,5,0.026262626262626397,0.020546558704453433,0.061416666666666744,0.025739795918367364,0.046333333333333324
1000,balanced,101,distance_to_nearest_town_center_km,Nearest town centre,4,0.01009340467385584,0.023285109245073855,3,5,0.03270202020202034,0.030870445344129544,-0.01549999999999993,0.015561224489795921,-0.013166666666666682
1000,balanced,101,listed_places_within_radius,Landscape places within 5 km,5,0.0065393751611797,0.011280927547641118,3,5,-0.005681818181818077,0.011943319838056687,0.023083333333333393,0.003852040816326535,-0.0005000000000000393
1000,balanced,101,distance_to_listed_tourist_place,Nearest landscape place,6,0.0015242757660051253,0.011046102238972786,2,5,0.01085858585858599,-0.006983805668016191,0.015666666666666735,-0.003086734693877535,-0.00883333333333337
1000,balanced,202,road_distance_km,Nearest mapped road,1,0.07142544692448785,0.04826279789906776,5,5,0.006250000000000045,0.08670343137254906,0.03743961352657009,0.12238636363636361,0.10434782608695647
1000,balanced,202,distance_to_major_road_km,Nearest major road,2,0.0528997490355387,0.042881259494780444,4,5,0.08692708333333339,0.045159313725490244,0.10257648953301132,-0.004886363636363644,0.03472222222222217
1000,balanced,202,distance_to_nearest_town_center_km,Nearest town centre,3,0.03252293986325318,0.016132100648877774,5,5,0.020729166666666722,0.05330882352941183,0.028421900161030633,0.015227272727272723,0.04492753623188399
1000,balanced,202,attraction_count_within_5km,Falls and mountains within 5 km,4,0.022776548251052735,0.016761014098565008,5,5,0.011822916666666721,0.05061274509803927,0.021256038647343017,0.00772727272727271,0.022463768115941963
1000,balanced,202,listed_places_within_radius,Landscape places within 5 km,5,0.003169799013149398,0.018468997490030285,3,5,0.02000000000000004,-0.012745098039215664,0.0031400966183575073,-0.017613636363636376,0.023067632850241482
1000,balanced,202,distance_to_listed_tourist_place,Nearest landscape place,6,-0.00833962520559387,0.030084681447239973,2,5,0.016614583333333384,-0.0019607843137254555,-0.01698872785829305,-0.05590909090909091,0.016545893719806682
1000,balanced,303,distance_to_major_road_km,Nearest major road,1,0.07901673681171142,0.04310757352323636,5,5,0.14236111111111124,0.06467221644120706,0.04852272727272727,0.03725490196078424,0.10227272727272729
1000,balanced,303,distance_to_nearest_town_center_km,Nearest town centre,2,0.04034336133944768,0.020088706241088668,5,5,0.05584490740740753,0.01290322580645159,0.04170454545454546,0.028851540616246424,0.062412587412587414
1000,balanced,303,road_distance_km,Nearest mapped road,3,0.03793677274541265,0.02692709479146831,5,5,0.02476851851851865,0.03257023933402704,0.049999999999999996,0.07675070028011198,0.005594405594405607
1000,balanced,303,listed_places_within_radius,Landscape places within 5 km,4,0.0014504703362740415,0.016737794518991583,3,5,0.002199074074074198,0.017117585848074917,0.014090909090909081,-0.0009803921568628138,-0.025174825174825173
1000,balanced,303,attraction_count_within_5km,Falls and mountains within 5 km,5,-0.002398827132346141,0.021675464683432934,3,5,0.010416666666666768,0.001821019771071769,0.019659090909090897,-0.007002801120448254,-0.036888111888111884
1000,balanced,303,distance_to_listed_tourist_place,Nearest landscape place,6,-0.006334936614669734,0.0210036699970739,2,5,1.1102230246251565e-16,-0.018002081165452665,0.027272727272727264,-0.025910364145658338,-0.015034965034965042
1000,balanced,404,distance_to_major_road_km,Nearest major road,1,0.12387278367487345,0.06431134928034533,5,5,0.12689075630252097,0.09355555555555559,0.22359649122807007,0.12669956140350883,0.04862155388471179
1000,balanced,404,road_distance_km,Nearest mapped road,2,0.04295902255639096,0.023610517495199088,5,5,0.06607142857142856,0.004666666666666703,0.0413157894736841,0.04484649122807022,0.05789473684210524
1000,balanced,404,listed_places_within_radius,Landscape places within 5 km,3,0.021823369698756694,0.014144198762012276,5,5,0.009873949579831915,0.018888888888888945,0.030526315789473596,0.04155701754385971,0.008270676691729317
1000,balanced,404,attraction_count_within_5km,Falls and mountains within 5 km,4,0.018907106000294847,0.006780754736654214,5,5,0.02836134453781511,0.014000000000000045,0.022192982456140257,0.011184210526315819,0.018796992481203013
1000,balanced,404,distance_to_nearest_town_center_km,Nearest town centre,5,-0.004489198486412114,0.03311701721054554,1,5,-0.00997899159663868,-0.008444444444444399,-0.0169298245614036,0.05087719298245617,-0.037969924812030056
1000,balanced,404,distance_to_listed_tourist_place,Nearest landscape place,6,-0.02491197970416237,0.02620986352341144,2,5,-0.04411764705882355,-0.04444444444444441,0.003201754385964828,-0.04358552631578942,0.004385964912280704
1000,balanced,505,distance_to_major_road_km,Nearest major road,1,0.059444615395631464,0.0550903904679467,4,5,0.10032051282051277,0.049054820415879066,-0.0317708333333333,0.07989130434782611,0.09972727272727266
1000,balanced,505,road_distance_km,Nearest mapped road,2,0.04611613142751493,0.05445504558720918,4,5,0.044818376068376034,0.06011342155009458,0.02122395833333337,-0.021847826086956523,0.1262727272727272
1000,balanced,505,listed_places_within_radius,Landscape places within 5 km,3,0.0066617130755717725,0.021411949934734425,4,5,0.022970085470085434,0.004347826086956569,0.019010416666666696,-0.029565217391304334,0.016545454545454495
1000,balanced,505,distance_to_listed_tourist_place,Nearest landscape place,4,0.001659450749313696,0.019292127594979364,3,5,0.004326923076923056,-0.002551984877126634,-0.027604166666666652,0.025217391304347837,0.008909090909090872
1000,balanced,505,distance_to_nearest_town_center_km,Nearest town centre,5,-0.006986001863736971,0.022693700909587826,3,5,0.0020299145299145006,-0.0469754253308128,0.005859375000000039,-0.002934782608695635,0.007090909090909037
1000,balanced,505,attraction_count_within_5km,Falls and mountains within 5 km,6,-0.015025118445800156,0.03709174191219841,2,5,-0.05694444444444448,0.03837429111531195,-0.03971354166666662,0.0015217391304347904,-0.018363636363636415
500,balanced,7,road_distance_km,Nearest mapped road,1,0.1536267987357247,0.03714309685618386,5,5,0.12670454545454546,0.15544982698961934,0.16310526315789475,0.11359126984126981,0.20928308823529412
500,balanced,7,distance_to_major_road_km,Nearest major road,2,0.052168615720516544,0.044800877464785484,5,5,0.03451704545454544,0.070977508650519,0.00284210526315789,0.03283730158730156,0.11966911764705879
500,balanced,7,distance_to_nearest_town_center_km,Nearest town centre,3,0.03608482389554939,0.0470711863245587,4,5,-0.022940340909090924,0.03375865051903111,0.050421052631578964,0.10466269841269837,0.014522058823529398
500,balanced,7,attraction_count_within_5km,Falls and mountains within 5 km,4,0.014871320922824501,0.023352480496813783,3,5,0.04076704545454543,-0.0006704152249135508,0.03378947368421052,0.015773809523809506,-0.015303308823529404
500,balanced,7,listed_places_within_radius,Landscape places within 5 km,5,0.0009264986841907889,0.01166709536835434,2,5,0.018963068181818133,-0.0059256055363322065,0.006526315789473669,-0.007440476190476236,-0.0074908088235294155
500,balanced,7,distance_to_listed_tourist_place,Nearest landscape place,6,-0.015398641586994142,0.020797864450653115,1,5,-0.03941761363636367,-0.0017517301038062704,-0.030631578947368416,-0.01686507936507938,0.011672794117647035
500,balanced,13,road_distance_km,Nearest mapped road,1,0.12540387958278143,0.05441970408636669,5,5,0.17933333333333326,0.0858333333333332,0.0836908284023669,0.08780864197530866,0.1903532608695652
500,balanced,13,distance_to_major_road_km,Nearest major road,2,0.05767203943920627,0.04915552134607394,4,5,0.09799999999999989,0.04868421052631568,-0.010502958579881604,0.03981481481481482,0.11236413043478258
500,balanced,13,distance_to_listed_tourist_place,Nearest landscape place,3,0.007204678563171746,0.021318214879454574,4,5,0.00949999999999988,0.006754385964912157,-0.020710059171597593,0.0016203703703703998,0.03885869565217389
500,balanced,13,attraction_count_within_5km,Falls and mountains within 5 km,4,0.00716441261862692,0.020611950377258187,2,5,0.040611111111110994,-0.012236842105263285,-0.0038461538461537883,-0.0006172839506172756,0.011911231884057955
500,balanced,13,listed_places_within_radius,Landscape places within 5 km,5,-0.007708794622551053,0.01855988661920268,3,5,0.010388888888888764,-0.031140350877193124,0.005325443786982314,-0.02384259259259259,0.0007246376811593736
500,balanced,13,distance_to_nearest_town_center_km,Nearest town centre,6,-0.009660553542882103,0.01906516188400364,1,5,-0.005444444444444552,-0.02701754385964924,-0.009874260355029535,-0.02584876543209874,0.019882246376811564
500,balanced,21,road_distance_km,Nearest mapped road,1,0.11083864421438912,0.039150786624573976,5,5,0.1037096774193548,0.09004999999999995,0.0603271484375,0.15330687830687828,0.14679951690821258
500,balanced,21,distance_to_major_road_km,Nearest major road,2,0.06425526478477228,0.02000863599878102,5,5,0.09677419354838704,0.041749999999999954,0.0615478515625,0.06190476190476184,0.05929951690821257
500,balanced,21,distance_to_listed_tourist_place,Nearest landscape place,3,0.045025758148038365,0.022234591915993872,5,5,0.01478494623655911,0.03224999999999996,0.071044921875,0.04726631393298052,0.05978260869565222
500,balanced,21,distance_to_nearest_town_center_km,Nearest town centre,4,-0.0004891106939056972,0.021119262337186032,3,5,0.009623655913978435,0.02524999999999994,-0.0317626953125,0.001146384479717749,-0.006702898550724612
500,balanced,21,listed_places_within_radius,Landscape places within 5 km,5,-0.005457641171740323,0.014979068871407987,2,5,0.013655913978494583,-0.02055000000000003,-0.015185546875,0.007231040564373831,-0.012439613526569998
500,balanced,21,attraction_count_within_5km,Falls and mountains within 5 km,6,-0.005655624651765183,0.017092421169859765,2,5,-0.028978494623655954,-0.0030000000000000525,-0.01376953125,0.0004409171075836993,0.01702898550724639
500,balanced,42,road_distance_km,Nearest mapped road,1,0.12057850861726419,0.03688010037096178,5,5,0.09693486590038308,0.18244565217391306,0.0896363636363636,0.12285714285714273,0.11101851851851845
500,balanced,42,distance_to_major_road_km,Nearest major road,2,0.0575196377280335,0.01705859202943295,5,5,0.03754789272030651,0.054673913043478295,0.06681818181818178,0.04726190476190468,0.08129629629629623
500,balanced,42,distance_to_nearest_town_center_km,Nearest town centre,3,0.031954539180626094,0.008054959969712974,5,5,0.03819444444444442,0.022826086956521757,0.0284545454545454,0.04238095238095231,0.027916666666666597
500,balanced,42,distance_to_listed_tourist_place,Nearest landscape place,4,0.014823965939108322,0.014656446745012085,4,5,0.018414750957854404,0.028206521739130457,0.01436363636363629,0.022857142857142763,-0.009722222222222316
500,balanced,42,attraction_count_within_5km,Falls and mountains within 5 km,5,0.011758123788033786,0.022096353603944203,4,5,0.00043103448275859656,0.014619565217391318,0.01518181818181813,-0.015654761904761984,0.04421296296296287
500,balanced,42,listed_places_within_radius,Landscape places within 5 km,6,0.003539504201723041,0.013090539772794502,3,5,0.010895593869731796,-0.009782608695652168,-0.0116363636363637,0.014285714285714174,0.0139351851851851
500,balanced,99,distance_to_major_road_km,Nearest major road,1,0.07851063511233801,0.025044911633985138,5,5,0.09850694444444448,0.03826086956521737,0.07636684303350964,0.07890000000000003,0.10051851851851856
500,balanced,99,road_distance_km,Nearest mapped road,2,0.07394153477494059,0.04609145695957239,5,5,0.019652777777777807,0.056521739130434755,0.11529982363315691,0.04990000000000003,0.1283333333333334
500,balanced,99,distance_to_listed_tourist_place,Nearest landscape place,3,0.02168793382409325,0.02456083741426865,4,5,-0.012152777777777752,0.03184782608695651,0.055070546737213344,0.015600000000000013,0.01807407407407414
500,balanced,99,distance_to_nearest_town_center_km,Nearest town centre,4,0.016600844643815678,0.025201538097400326,4,5,0.009097222222222274,-0.015108695652173921,0.042019400352733646,0.04270000000000003,0.004296296296296365
500,balanced,99,attraction_count_within_5km,Falls and mountains within 5 km,5,-0.006566829997699553,0.015755429730812377,2,5,-0.031805555555555524,-0.0032608695652173946,0.010317460317460291,-0.008900000000000002,0.0008148148148148682
500,balanced,99,listed_places_within_radius,Landscape places within 5 km,6,-0.00968509796027911,0.018493923617486877,2,5,-0.025590277777777733,-0.018804347826086986,-0.024382716049382764,0.006500000000000006,0.01385185185185192
500,balanced,101,road_distance_km,Nearest mapped road,1,0.14463744037376577,0.030705230671365494,5,5,0.1585125448028674,0.17780100334448162,0.09847020933977456,0.1310276679841898,0.15737577639751552
500,balanced,101,distance_to_major_road_km,Nearest major road,2,0.0825300917201338,0.025936378253538468,5,5,0.05591397849462364,0.09322742474916386,0.1169887278582931,0.05731225296442695,0.08920807453416146
500,balanced,101,attraction_count_within_5km,Falls and mountains within 5 km,3,0.00166814173826798,0.008410537467081555,3,5,-0.0058691756272401365,0.003302675585284276,0.0101449275362319,0.008992094861660138,-0.00822981366459628
500,balanced,101,distance_to_nearest_town_center_km,Nearest town centre,4,0.0011741499890167504,0.038619986600371824,3,5,0.024327956989247262,-0.06442307692307694,-0.0027777777777777623,0.028557312252964494,0.020186335403726698
500,balanced,101,distance_to_listed_tourist_place,Nearest landscape place,5,0.0005153161990469141,0.03451688633321851,3,5,-0.008960573476702548,0.003929765886287606,-0.04875201288244765,0.009387351778656189,0.04697204968944097
500,balanced,101,listed_places_within_radius,Landscape places within 5 km,6,-0.01382103248162154,0.027865984086404533,1,5,0.019982078853046575,-0.056103678929765886,-0.019685990338164226,-0.0022727272727272154,-0.01102484472049694
500,balanced,202,road_distance_km,Nearest mapped road,1,0.10538746140138941,0.05589433451965093,5,5,0.1280555555555555,0.026899999999999997,0.07770979020979014,0.17515964240102172,0.11911231884057968
500,balanced,202,distance_to_major_road_km,Nearest major road,2,0.08398354061896787,0.09208396643912727,4,5,0.19907407407407404,-0.05620000000000001,0.11555944055944052,0.08186462324393358,0.07961956521739129
500,balanced,202,distance_to_listed_tourist_place,Nearest landscape place,3,0.004015278596133138,0.02163874719940433,3,5,0.03546296296296292,-0.02270000000000002,0.010270979020978972,0.0044699872286079025,-0.00742753623188408
500,balanced,202,attraction_count_within_5km,Falls and mountains within 5 km,4,0.0033141368787245537,0.006004289267488293,3,5,-0.00046296296296300944,-0.0011999999999999984,0.002666083916083839,0.013665389527458466,0.00190217391304347
500,balanced,202,listed_places_within_radius,Landscape places within 5 km,5,0.0028058657462255252,0.023119919985204504,2,5,0.01726851851851846,-0.023300000000000008,-0.002097902097902177,0.03438697318007657,-0.012228260869565221
500,balanced,202,distance_to_nearest_town_center_km,Nearest town centre,6,-0.004630910011194898,0.03874594798129282,1,5,0.060555555555555515,-0.025250000000000005,-0.040078671328671385,-0.013218390804597746,-0.005163043478260865
500,balanced,303,road_distance_km,Nearest mapped road,1,0.10038997564935064,0.046355457012661284,5,5,0.06892755681818188,0.08796875,0.1708333333333333,0.11979166666666663,0.05442857142857138
500,balanced,303,distance_to_major_road_km,Nearest major road,2,0.08270615511702469,0.0641858560893618,4,5,0.15319602272727284,-0.018593749999999982,0.11007834757834756,0.10013586956521733,0.06871428571428564
500,balanced,303,distance_to_nearest_town_center_km,Nearest town centre,3,0.0049150620514750816,0.010644563138839247,3,5,0.01207386363636372,0.011249999999999993,-0.010470085470085534,-0.0019927536231884478,0.013714285714285679
500,balanced,303,attraction_count_within_5km,Falls and mountains within 5 km,4,0.0010799811953344422,0.012684292861635369,3,5,-0.01892755681818171,0.008333333333333321,-0.0035612535612536246,0.006793478260869501,0.012761904761904724
500,balanced,303,distance_to_listed_tourist_place,Nearest landscape place,5,-0.0026912934237662634,0.024679014348884126,3,5,0.006072443181818282,0.01041666666666668,0.01609686609686603,-0.04547101449275369,-0.0005714285714286226
500,balanced,303,listed_places_within_radius,Landscape places within 5 km,6,-0.0028614119123630054,0.023516587967267362,3,5,0.007990056818181924,0.008385416666666668,-0.043269230769230824,0.01544384057971009,-0.0028571428571428858
500,balanced,404,road_distance_km,Nearest mapped road,1,0.12573367990034656,0.03612481965658047,5,5,0.06319444444444446,0.13859126984126985,0.14090909090909096,0.13037918871252202,0.15559440559440557
500,balanced,404,distance_to_major_road_km,Nearest major road,2,0.08171484996484997,0.032564237708885384,5,5,0.11916666666666668,0.08581349206349209,0.061742424242424265,0.03783068783068777,0.10402097902097902
500,balanced,404,distance_to_listed_tourist_place,Nearest landscape place,3,0.015232919857919858,0.017347510034735204,5,5,0.01125000000000001,0.005902777777777773,0.0124188311688312,0.04523809523809519,0.0013548951048951096
500,balanced,404,distance_to_nearest_town_center_km,Nearest town centre,4,0.014237204153870819,0.01912311790648308,4,5,0.032708333333333325,0.0010416666666666797,0.02067099567099571,-0.012081128747795461,0.028846153846153844
500,balanced,404,attraction_count_within_5km,Falls and mountains within 5 km,5,0.003288193288193288,0.013872163659861344,3,5,-0.010069444444444436,0.008680555555555552,-0.009036796536796515,0.023544973544973525,0.003321678321678312
500,balanced,404,listed_places_within_radius,Landscape places within 5 km,6,-0.0007031548698215473,0.011011924590939573,4,5,0.004861111111111122,-0.01954365079365079,0.001298701298701338,0.008906525573192159,0.0009615384615384359
500,balanced,505,road_distance_km,Nearest mapped road,1,0.11775742912534962,0.0477117079794775,5,5,0.05675438596491232,0.09629629629629621,0.1870659722222223,0.12842592592592592,0.12024456521739128
500,balanced,505,distance_to_major_road_km,Nearest major road,2,0.06938852868887194,0.026090529027558065,5,5,0.10206140350877199,0.03851851851851844,0.08958333333333339,0.06351851851851852,0.05326086956521738
500,balanced,505,distance_to_listed_tourist_place,Nearest landscape place,3,0.01028952003347742,0.03224231078127229,3,5,0.0053947368421053245,0.04851851851851843,0.03650173611111117,-0.009166666666666674,-0.02980072463768116
500,balanced,505,attraction_count_within_5km,Falls and mountains within 5 km,4,-0.0011517350516992853,0.012170760040925143,2,5,-0.007719298245613976,0.0182962962962962,-0.003862847222222171,0.0012500000000000232,-0.013722826086956501
500,balanced,505,distance_to_nearest_town_center_km,Nearest town centre,5,-0.006604570832273907,0.02410010920359974,2,5,0.029078947368421114,-0.03118518518518527,0.005295138888888962,-0.013657407407407401,-0.02255434782608694
500,balanced,505,listed_places_within_radius,Landscape places within 5 km,6,-0.015751706977286204,0.025203566183189988,2,5,0.0010526315789474328,0.01814814814814806,-0.04561631944444441,-0.02652777777777775,-0.02581521739130435
500,all_empty,,road_distance_km,Nearest mapped road,1,0.10860413538938404,0.02341031535617091,5,5,0.08280403371462981,0.10160812672176305,0.14560447761194034,0.11356314432989696,0.09944089456869007
500,all_empty,,distance_to_major_road_km,Nearest major road,2,0.06864436111168234,0.04405561723252125,5,5,0.12073449729078874,0.09396808999081725,0.01267288557213933,0.03505154639175257,0.0807947863129138
500,all_empty,,distance_to_nearest_town_center_km,Nearest town centre,3,0.006864019868576576,0.025079146816767695,4,5,0.020328115593016303,0.021745867768595002,0.005578358208955264,-0.036206947047797554,0.02287470482011387
500,all_empty,,distance_to_listed_tourist_place,Nearest landscape place,4,0.006706191218872981,0.0171785134080007,4,5,0.006139373871162007,0.016139807162534416,-0.022723880597014873,0.014386129334582965,0.019589526323100393
500,all_empty,,listed_places_within_radius,Landscape places within 5 km,5,0.004145148093033502,0.007762955752156063,3,5,0.0038832028898254656,-0.0032724977043159186,0.013330845771144323,0.010479147141518274,-0.003694957633004631
500,all_empty,,attraction_count_within_5km,Falls and mountains within 5 km,6,-0.008649783862863303,0.03675394949241835,3,5,0.01765502709211323,-0.0728030303030303,-0.0033159203980099084,0.0032040768509840776,0.01201092744362639
1500,balanced,7,road_distance_km,Nearest mapped road,1,0.06454860648926379,0.0783969976268967,4,5,0.012074829931972836,0.09644268774703561,-0.043627450980392155,0.10864661654135341,0.14920634920634923
1500,balanced,7,distance_to_major_road_km,Nearest major road,2,0.054726917464163416,0.056690952783719564,4,5,-0.0023809523809523226,0.13913043478260873,0.007352941176470571,0.061278195488721834,0.0682539682539683
1500,balanced,7,distance_to_listed_tourist_place,Nearest landscape place,3,0.01062128748593956,0.016734777247866272,3,5,0.01130952380952387,0.02569169960474312,-0.008905228758169922,0.028383458646616583,-0.0033730158730158498
1500,balanced,7,listed_places_within_radius,Landscape places within 5 km,4,0.001510731190749677,0.03151613105237991,3,5,-0.0037414965986393824,-0.046146245059288514,0.006209150326797386,0.009962406015037617,0.04126984126984128
1500,balanced,7,distance_to_nearest_town_center_km,Nearest town centre,5,-0.00771736438837374,0.03282457684597009,2,5,-0.009438775510204033,-0.05879446640316206,0.011601307189542484,-0.010526315789473679,0.02857142857142858
1500,balanced,7,attraction_count_within_5km,Falls and mountains within 5 km,6,-0.008598884391146344,0.027251614111036597,2,5,-0.031207482993197217,0.03013833992094867,-0.03251633986928105,0.008646616541353408,-0.018055555555555537
1500,balanced,13,road_distance_km,Nearest mapped road,1,0.09462434781604949,0.023556480975870972,5,5,0.09409722222222214,0.05583333333333344,0.11911057692307692,0.10362811791383213,0.10045248868778285
1500,balanced,13,distance_to_major_road_km,Nearest major road,2,0.03439564064942216,0.03689428665347614,4,5,0.07592592592592584,0.04620833333333344,0.03581730769230771,-0.0252267573696146,0.03925339366515843
1500,balanced,13,distance_to_listed_tourist_place,Nearest landscape place,3,0.018224494242141304,0.023424667705062192,3,5,-0.0008101851851852693,0.028000000000000087,-0.010336538461538447,0.026984126984126916,0.047285067873303235
1500,balanced,13,distance_to_nearest_town_center_km,Nearest town centre,4,0.014738155091096267,0.02634796009465167,3,5,-0.0049768518518519215,0.04854166666666676,0.03701923076923077,0.003174603174603108,-0.010067873303167385
1500,balanced,13,listed_places_within_radius,Landscape places within 5 km,5,0.0032539972399216093,0.027151817236304065,3,5,0.013888888888888834,0.03225000000000008,0.020913461538461558,-0.020804988662131613,-0.029977375565610816
1500,balanced,13,attraction_count_within_5km,Falls and mountains within 5 km,6,-0.007178390929021179,0.01962989716618185,2,5,-0.020370370370370445,0.008791666666666776,0.015865384615384625,-0.00895691609977332,-0.03122171945701353
1500,balanced,21,road_distance_km,Nearest mapped road,1,0.08439747611564563,0.07211038772053807,5,5,0.021969696969696934,0.1975490196078431,0.09770833333333338,0.08297213622291026,0.021788194444444436
1500,balanced,21,distance_to_major_road_km,Nearest major road,2,0.048606174946054986,0.03086435471882562,5,5,0.0811363636363636,0.014379084967320233,0.06805555555555562,0.016873065015479916,0.06258680555555554
1500,balanced,21,distance_to_nearest_town_center_km,Nearest town centre,3,0.012754733871219953,0.03172975739600645,3,5,0.007727272727272694,0.06617647058823528,-0.016249999999999938,-0.0046439628482971675,0.010763888888888901
1500,balanced,21,attraction_count_within_5km,Falls and mountains within 5 km,4,0.010124592480532888,0.011860789200541986,4,5,-0.0034848484848485294,0.015032679738562083,4.9960036108132046e-17,0.013467492260061947,0.025607638888888888
1500,balanced,21,listed_places_within_radius,Landscape places within 5 km,5,-0.001810971557682076,0.013461393977118288,3,5,0.009696969696969643,0.00751633986928103,0.004722222222222278,-0.022136222910216663,-0.008854166666666668
1500,balanced,21,distance_to_listed_tourist_place,Nearest landscape place,6,-0.009245005199049304,0.03796580370262249,3,5,-0.04439393939393944,0.020261437908496722,0.01694444444444452,0.017647058823529467,-0.05668402777777779
1500,balanced,42,road_distance_km,Nearest mapped road,1,0.06309350275197798,0.0227269867355382,5,5,0.0813322368421053,0.08675986842105261,0.06892361111111107,0.03923611111111107,0.03921568627450982
1500,balanced,42,distance_to_major_road_km,Nearest major road,2,0.04648418534080297,0.05575193200227894,4,5,0.03610197368421055,0.13733552631578944,-0.014583333333333393,0.04555555555555553,0.02801120448179273
1500,balanced,42,distance_to_nearest_town_center_km,Nearest town centre,3,0.022136391837436716,0.04067490188096087,4,5,0.01850328947368423,0.06472039473684207,-0.03628472222222226,0.05624999999999998,0.007492997198879558
1500,balanced,42,attraction_count_within_5km,Falls and mountains within 5 km,4,0.01591500196569855,0.024251496625578888,4,5,0.018338815789473717,0.0548519736842105,0.0013888888888888562,0.013888888888888857,-0.008893557422969166
1500,balanced,42,distance_to_listed_tourist_place,Nearest landscape place,5,0.006164716325126524,0.022231768581336814,3,5,0.011513157894736892,0.03453947368421049,-0.0074652777777778345,0.015555555555555522,-0.023319327731092448
1500,balanced,42,listed_places_within_radius,Landscape places within 5 km,6,0.00045629699248118173,0.023290268529451066,2,5,0.002467105263157937,0.03758223684210522,-0.0003472222222222765,-0.013611111111111168,-0.0238095238095238
1500,balanced,99,road_distance_km,Nearest mapped road,1,0.04943715251252016,0.07591465440229207,3,5,-0.007321428571428551,0.05266106442577033,0.09509803921568627,-0.04071180555555552,0.14745989304812832
1500,balanced,99,distance_to_major_road_km,Nearest major road,2,0.03458147122485359,0.027257606635158818,4,5,0.05526785714285718,0.03494397759103642,-0.010947712418300653,0.056076388888888905,0.03756684491978611
1500,balanced,99,distance_to_listed_tourist_place,Nearest landscape place,3,0.00766876750700282,0.05229994620985133,3,5,0.029642857142857176,0.05441176470588236,-0.0352941176470588,-0.06041666666666665,0.050000000000000024
1500,balanced,99,attraction_count_within_5km,Falls and mountains within 5 km,4,-0.0044599567099566865,0.035698426577889374,3,5,0.030892857142857166,0.024369747899159678,-0.05424836601307188,-0.026388888888888858,0.003074866310160468
1500,balanced,99,listed_places_within_radius,Landscape places within 5 km,5,-0.014916592394533556,0.02441281929918278,1,5,0.021607142857142887,-0.03158263305322127,-0.0009803921568627416,-0.03368055555555556,-0.029946524064171087
1500,balanced,99,distance_to_nearest_town_center_km,Nearest town centre,6,-0.023854768801459963,0.04327187437644258,2,5,0.028928571428571442,-0.028151260504201674,0.009150326797385634,-0.052864583333333326,-0.07633689839572189
1500,balanced,101,distance_to_major_road_km,Nearest major road,1,0.13346476570402083,0.09501574921384501,5,5,0.056275303643724704,0.043668831168831274,0.14791666666666675,0.13814814814814805,0.28131487889273343
1500,balanced,101,distance_to_listed_tourist_place,Nearest landscape place,2,0.025555436506538298,0.033354258510283265,4,5,-0.020040485829959515,0.03463203463203472,0.008611111111111158,0.035370370370370274,0.06920415224913484
1500,balanced,101,distance_to_nearest_town_center_km,Nearest town centre,3,0.023696057960399596,0.0279286673461764,5,5,0.002429149797570848,0.03446969696969708,0.012777777777777805,0.06759259259259251,0.001211072664359747
1500,balanced,101,road_distance_km,Nearest mapped road,4,0.019083471242026133,0.034651150823793615,4,5,-0.04109311740890687,0.02305194805194814,0.04006944444444448,0.029444444444444336,0.043944636678200595
1500,balanced,101,listed_places_within_radius,Landscape places within 5 km,5,0.0013398769896675392,0.04057617251480639,3,5,-0.03552631578947367,0.021428571428571498,-0.03999999999999995,0.0037037037037035924,0.05709342560553623
1500,balanced,101,attraction_count_within_5km,Falls and mountains within 5 km,6,-0.016294058016421885,0.04004328850565619,2,5,-0.08238866396761133,0.01071428571428581,0.01972222222222228,-0.0174074074074075,-0.012110726643598696
1500,balanced,202,distance_to_major_road_km,Nearest major road,1,0.07561098530595813,0.06283101464993168,5,5,0.03194444444444447,0.013194444444444425,0.17304687499999993,0.0648148148148148,0.09505434782608697
1500,balanced,202,distance_to_nearest_town_center_km,Nearest town centre,2,0.05132588566827696,0.03311491763472335,5,5,0.1033854166666667,0.012326388888888878,0.05421874999999996,0.04648148148148147,0.040217391304347844
1500,balanced,202,distance_to_listed_tourist_place,Nearest landscape place,3,0.04613176831723027,0.036576043315734615,5,5,0.0934027777777778,0.005555555555555536,0.057578124999999945,0.061296296296296314,0.012826086956521765
1500,balanced,202,road_distance_km,Nearest mapped road,4,0.04053864734299517,0.02107866525214936,5,5,0.047656250000000025,0.024652777777777756,0.061718749999999954,0.0561111111111111,0.012554347826086993
1500,balanced,202,listed_places_within_radius,Landscape places within 5 km,5,0.009874698067632841,0.024834543533264312,4,5,0.00225694444444447,-0.012847222222222265,0.05249999999999995,0.0033333333333333214,0.0041304347826087275
1500,balanced,202,attraction_count_within_5km,Falls and mountains within 5 km,6,0.0010011070853462142,0.01619139586990283,3,5,-0.007638888888888862,0.005902777777777762,0.01781249999999996,-0.0225925925925926,0.01152173913043481
1500,balanced,303,distance_to_major_road_km,Nearest major road,1,0.07397540696071307,0.025328113277786835,5,5,0.05346260387811645,0.0709259259259259,0.061842105263157955,0.06582633053221279,0.11782006920415226
1500,balanced,303,road_distance_km,Nearest mapped road,2,0.02993354929645895,0.035597722740299306,4,5,0.05457063711911368,0.07703703703703701,-0.012719298245613981,0.014775910364145568,0.016003460207612445
1500,balanced,303,distance_to_nearest_town_center_km,Nearest town centre,3,0.02916829711625025,0.044451235998147,4,5,0.0097645429362882,0.05166666666666667,-0.023976608187134447,0.015826330532212808,0.092560553633218
1500,balanced,303,distance_to_listed_tourist_place,Nearest landscape place,4,0.009085352396349347,0.014625750047166694,4,5,0.012326869806094282,0.014999999999999986,-0.015497076023391754,0.023389355742296836,0.010207612456747384
1500,balanced,303,attraction_count_within_5km,Falls and mountains within 5 km,5,0.006211041069153398,0.005980084587801236,4,5,-0.00027700831024921047,0.0035185185185184877,0.00745614035087726,0.015686274509803845,0.004671280276816609
1500,balanced,303,listed_places_within_radius,Landscape places within 5 km,6,-0.0008591501416890148,0.01647946082108896,1,5,-0.0037396121883655543,-0.000185185185185216,0.025877192982456203,-0.00756302521008409,-0.018685121107266417
1500,balanced,404,road_distance_km,Nearest mapped road,1,0.08062922966457538,0.0650560753672512,5,5,0.01420634920634926,0.15824561403508777,0.0720588235294117,0.0226785714285714,0.13595679012345674
1500,balanced,404,distance_to_nearest_town_center_km,Nearest town centre,2,0.015653286265773354,0.05228274612571393,3,5,0.05904761904761906,-0.02122807017543856,-0.05735294117647065,0.040238095238095205,0.057561728395061705
1500,balanced,404,distance_to_major_road_km,Nearest major road,3,0.013603534981243948,0.05513758848522981,3,5,0.05269841269841276,0.06456140350877197,-0.06838235294117656,0.03488095238095235,-0.015740740740740784
1500,balanced,404,listed_places_within_radius,Landscape places within 5 km,4,0.013090968161143584,0.021601442642589338,3,5,0.02142857142857147,-0.0026315789473684128,0.018749999999999923,0.041488095238095206,-0.013580246913580257
1500,balanced,404,distance_to_listed_tourist_place,Nearest landscape place,5,0.005299881648565853,0.03959574892635193,3,5,0.0019047619047619535,0.04140350877192986,0.040624999999999925,-0.055119047619047644,-0.002314814814814825
1500,balanced,404,attraction_count_within_5km,Falls and mountains within 5 km,6,0.001325265778826142,0.02224700054170406,2,5,-0.02365079365079361,-0.0077192982456140095,-0.008088235294117712,0.034047619047619035,0.012037037037037008
1500,balanced,505,distance_to_major_road_km,Nearest major road,1,0.07912888431013429,0.04842936826209937,5,5,0.16043956043956042,0.067948717948718,0.06766666666666661,0.0697048611111111,0.02988461538461537
1500,balanced,505,road_distance_km,Nearest mapped road,2,0.0771521749084249,0.03698813524828651,5,5,0.07838827838827837,0.09935897435897442,0.07844444444444439,0.11310763888888886,0.01646153846153845
1500,balanced,505,distance_to_listed_tourist_place,Nearest landscape place,3,0.04273028083028082,0.029629122205913218,5,5,0.044963369963369935,0.04230769230769235,0.09044444444444438,0.016666666666666663,0.01926923076923077
1500,balanced,505,distance_to_nearest_town_center_km,Nearest town centre,4,0.034787622100122095,0.041390978194531934,4,5,-0.02838827838827841,0.05747863247863252,0.0635555555555555,0.013715277777777785,0.06757692307692306
1500,balanced,505,listed_places_within_radius,Landscape places within 5 km,5,0.013506562881562875,0.02754789082368541,3,5,0.03406593406593404,0.021367521367521423,-0.006444444444444497,-0.02326388888888889,0.041807692307692296
1500,balanced,505,attraction_count_within_5km,Falls and mountains within 5 km,6,-0.014309798534798543,0.020974921725525075,2,5,-0.04652014652014654,-0.01794871794871792,0.004444444444444385,0.004513888888888884,-0.016038461538461522
1500,all_empty,,road_distance_km,Nearest mapped road,1,0.07396493330879436,0.04758315857479545,5,5,0.10722222222222215,0.13817223837209297,0.024456140350877214,0.060640732265446154,0.03933333333333332
1500,all_empty,,distance_to_major_road_km,Nearest major road,2,0.0652204527827545,0.06078296278742075,4,5,0.10455555555555551,0.013190406976744128,-0.0038596491228070186,0.14080854309687255,0.07140740740740739
1500,all_empty,,distance_to_nearest_town_center_km,Nearest town centre,3,0.015838582891336835,0.0209222786555945,4,5,0.04968518518518516,0.021511627906976673,0.00680701754385965,-0.0030701754385965506,0.004259259259259257
1500,all_empty,,listed_places_within_radius,Landscape places within 5 km,4,0.0038707592730562275,0.036018336426799406,4,5,0.01211111111111105,0.004033430232558116,-0.04915789473684209,0.051811594202898506,0.0005555555555555536
1500,all_empty,,attraction_count_within_5km,Falls and mountains within 5 km,5,0.001511943931984739,0.016717913158832,3,5,0.015777777777777717,0.003088662790697622,-0.0057192982456140355,0.017486651411136485,-0.02307407407407409
1500,all_empty,,distance_to_listed_tourist_place,Nearest landscape place,6,0.000591997621990005,0.03451204570237539,4,5,0.01074074074074069,0.004251453488372048,0.03140350877192983,0.015045766590388959,-0.0584814814814815
