cell_size_m,feature,feature_label,mean_drop_across_draws,lowest_draw,highest_draw,std_across_draws,seed_42_mean_drop,seed_42_std_across_folds,seed_42_folds_positive,positive_fold_measurements,fold_measurements,rank
500,road_distance_km,Nearest mapped road,0.11782953523753022,0.07394153477494059,0.1536267987357247,0.022512931302976835,0.12057850861726419,0.03688010037096178,5,50,50,1
500,distance_to_major_road_km,Nearest major road,0.0710449358894715,0.052168615720516544,0.08398354061896787,0.012345988522622161,0.0575196377280335,0.01705859202943295,5,47,50,2
500,distance_to_listed_tourist_place,Nearest landscape place,0.010070543615022862,-0.015398641586994142,0.045025758148038365,0.016172162463215765,0.014823965939108322,0.014656446745012085,4,35,50,3
500,distance_to_nearest_town_center_km,Nearest town centre,0.00835814788340972,-0.009660553542882103,0.03608482389554939,0.015941122311735032,0.031954539180626094,0.008054959969712974,5,30,50,4
500,attraction_count_within_5km,Falls and mountains within 5 km,0.002977012072884145,-0.006566829997699553,0.014871320922824501,0.006866125180880146,0.011758123788033786,0.022096353603944203,4,27,50,5
500,listed_places_within_radius,Landscape places within 5 km,-0.004871697136352342,-0.015751706977286204,0.003539504201723041,0.0067885266210314064,0.003539504201723041,0.013090539772794502,3,24,50,6
1000,distance_to_major_road_km,Nearest major road,0.08146337312597109,0.019568732369683428,0.12390971252531516,0.03465575832778071,0.11433676464703628,0.04003159932743471,5,47,50,1
1000,road_distance_km,Nearest mapped road,0.07168115690128243,0.03436147282942949,0.1629177352382364,0.03844973559784586,0.07984960813568623,0.028592212278797182,5,47,50,2
1000,attraction_count_within_5km,Falls and mountains within 5 km,0.009276385628023817,-0.015025118445800156,0.03605979617708945,0.01636845281532507,0.009723363730685464,0.030890962658026305,4,33,50,3
1000,distance_to_nearest_town_center_km,Nearest town centre,0.00799819580710513,-0.019976448961956612,0.04034336133944768,0.018784612103295857,0.018110563401416556,0.018393247636252247,4,32,50,4
1000,listed_places_within_radius,Landscape places within 5 km,0.007796620940629241,-0.013329278596074268,0.021823369698756694,0.011205525266914644,0.018226433120108847,0.028656302904167114,4,33,50,5
1000,distance_to_listed_tourist_place,Nearest landscape place,-0.00713062800590409,-0.04055009642347104,0.013523254260202473,0.016784048849171337,0.013523254260202473,0.03604385598023533,3,23,50,6
1500,road_distance_km,Nearest mapped road,0.06034381581399375,0.019083471242026133,0.09462434781604949,0.02496974566699346,0.06309350275197798,0.0227269867355382,5,45,50,1
1500,distance_to_major_road_km,Nearest major road,0.05945779668873674,0.013603534981243948,0.13346476570402083,0.033322797862232155,0.04648418534080297,0.05575193200227894,4,44,50,2
1500,distance_to_nearest_town_center_km,Nearest town centre,0.017268829672074153,-0.023854768801459963,0.05132588566827696,0.021129869594946518,0.022136391837436716,0.04067490188096087,4,35,50,3
1500,distance_to_listed_tourist_place,Nearest landscape place,0.01622369800601255,-0.009245005199049304,0.04613176831723027,0.017361751283009364,0.006164716325126524,0.022231768581336814,3,36,50,4
1500,listed_places_within_radius,Landscape places within 5 km,0.002544641742925466,-0.014916592394533556,0.013506562881562875,0.00835301079366978,0.00045629699248118173,0.023290268529451066,2,26,50,5
1500,attraction_count_within_5km,Falls and mountains within 5 km,-0.001626408020178744,-0.016294058016421885,0.01591500196569855,0.010468504029991258,0.01591500196569855,0.024251496625578888,4,28,50,6
