experiment_id,feature_group,model,grid_size,poi_radius,airbnb_radius,target_definition,n_features,n_train,n_test,accuracy,macro_precision,macro_recall,macro_f1,weighted_f1,high_precision,high_recall,validation_score,mean_municipality_score,std_municipality_score,notes
EXP-000-baseline,baseline,random_forest,1000m,,,low25_mid50_high25,5,,288,0.36137351926825606,0.3294471631428153,0.3260151433484767,0.31359021982352775,0.35797919617753715,0.21347261434217954,0.33897435897435896,0.31359021982352775,0.29206633517026204,0.24133378908864728,"The production five-feature model, reproduced independently."
EXP-A01,feature_market,random_forest,1000m,,,low25_mid50_high25,8,,288,0.4048193132403659,0.3454343042578336,0.35644211977545315,0.33997653719730636,0.38761906774740595,0.2895238095238095,0.3507692307692308,0.33997653719730636,0.31327024399503395,0.29822317126981873,"Does swapping the default 5 km market neighborhood for a 1 km one, added alongside the baseline 5 km features, change validation performance?"
EXP-A02,feature_market,random_forest,1000m,,,low25_mid50_high25,8,,288,0.3706792622582097,0.3237701368306093,0.33421576154909494,0.3171881104061343,0.3661828131533908,0.2277894998579142,0.328046398046398,0.3171881104061343,0.35397474723132616,0.24473806783604196,Same question at 3 km.
EXP-A03,feature_market,random_forest,1000m,,,low25_mid50_high25,8,,288,0.3831578947368421,0.3485288005712925,0.33706839440172776,0.32872157919970924,0.3785521232871454,0.2379598133264195,0.295995115995116,0.32872157919970924,0.23099644051380008,0.16582791733706267,Same question at 10 km.
EXP-A04,feature_market,random_forest,1000m,,,low25_mid50_high25,6,,288,0.39011845853951116,0.3474710722141063,0.350022198022198,0.3357582534757203,0.3814559021402875,0.22606060606060602,0.33897435897435896,0.3357582534757203,0.2916102745437111,0.2086207140555722,Does adding listing density (count / circle area) at the production radius help beyond the raw surrounding listing count already in the baseline?
EXP-A05,feature_market,random_forest,1000m,,,low25_mid50_high25,8,,288,0.4458404558404558,0.4056614720310373,0.409301308634642,0.38927890317565556,0.4313155305085795,0.33991718426501033,0.47019536019536023,0.38927890317565556,0.3220075187057406,0.24938835922503771,Does the market-distribution mix (share of nearby listings that are themselves historically Low/Moderate/High performers) add information beyond the mean?
EXP-A06,feature_market,random_forest,1000m,,,low25_mid50_high25,10,,288,0.3670745239166292,0.3393626835555871,0.32334298400965067,0.3110902808841864,0.35628097532849656,0.2809095452273863,0.30153846153846153,0.3110902808841864,0.2944289419890748,0.24831062737236614,Does having every radius's raw count available at once (letting the forest choose scale) beat any single fixed radius?
EXP-B01,feature_market,random_forest,1000m,,,low25_mid50_high25,7,,288,0.36298245614035085,0.3285871828915226,0.3294693008026341,0.3174187999197015,0.3583041397925165,0.2164900609366554,0.3336019536019536,0.3174187999197015,0.2518364971524086,0.2023646826995839,Does the SPREAD of nearby revenue/occupancy (not just the mean) carry information?
EXP-B02,feature_market,random_forest,1000m,,,low25_mid50_high25,7,,288,0.39287749287749285,0.359440390496219,0.3620532767199433,0.3471016368888723,0.3888901713579872,0.27021022455805066,0.39754578754578757,0.3471016368888723,0.3123035150856862,0.21696544697578243,Same question using IQR instead of standard deviation (robust to outlier listings).
EXP-C01,feature_poi,random_forest,1000m,,,low25_mid50_high25,6,,288,0.36834307992202736,0.31744387432064103,0.3327123460456794,0.31307506511968985,0.35690398734708545,0.20371452928997685,0.35531135531135527,0.31307506511968985,0.3125079020810998,0.2266356341548266,Does a landscape-place count at 1 km add information beyond the baseline's 5 km listed_places_within_radius?
EXP-C02,feature_poi,random_forest,1000m,,,low25_mid50_high25,6,,288,0.37879442195231666,0.31941637722812194,0.33317010783677453,0.31787504159745955,0.3678773995990329,0.23763440860215054,0.3278632478632479,0.31787504159745955,0.29253256559697427,0.24505573413805562,Same question at 10 km.
EXP-C03,feature_poi,random_forest,1000m,,,low25_mid50_high25,7,,288,0.4044774328984856,0.34612176494529434,0.35207053940387273,0.33704757416171516,0.3905466243416912,0.2293984962406015,0.31170940170940176,0.33704757416171516,0.28111809341485994,0.21333122711391678,Does the nearest-place distance and average distance to the 3 nearest places add information beyond the baseline's single nearest-place distance and a 5 km count?
EXP-C04,feature_poi,random_forest,1000m,,,low25_mid50_high25,9,,288,0.3596116359274254,0.32988693957323867,0.32589423122756456,0.31255335897975917,0.35345531719814155,0.23042264752791067,0.36644688644688644,0.31255335897975917,0.32346682037074076,0.22515736919588322,"Does knowing WHICH kind of landscape place is nearby (not just how many) help, using the real categories in poi_laguna.json?"
EXP-E01,feature_road,random_forest,1000m,,,low25_mid50_high25,6,,288,0.4175738491527966,0.3908638459180255,0.3854559467892801,0.3675452670157551,0.408167286407972,0.29467586467586465,0.394041514041514,0.3675452670157551,0.31046995408306294,0.2807610552023052,Independent replication: does straight-line distance to the nearest mapped road add information? (The production model already tested this in compare_road_accessibility and did not
EXP-E02,feature_road,random_forest,1000m,,,low25_mid50_high25,7,,288,0.38589143799670117,0.32604816472345755,0.34199493999494,0.3225658352383937,0.36853160259910756,0.17476503759398496,0.2683760683760684,0.3225658352383937,0.28350580968415057,0.2419362741205237,Does distinguishing major vs. local road distance (using the real road_class field) help more than one undifferentiated nearest-road distance?
EXP-E03,feature_road,random_forest,1000m,,,low25_mid50_high25,7,,288,0.4433363322837007,0.3955620795326678,0.39414826548159876,0.3829519932394203,0.4353349300414333,0.2761904761904762,0.338998778998779,0.3829519932394203,0.3189592194379899,0.23792213018543543,"Does road density within 3 km (a network-coverage signal, not just nearest distance) help?"
EXP-F01,feature_accessibility,random_forest,1000m,,,low25_mid50_high25,8,,288,0.39691258059679113,0.3073824595389664,0.3384783098116432,0.31750579333443285,0.3782279437319654,0.2116161616161616,0.29249084249084245,0.31750579333443285,0.34108252427411895,0.2614248673124401,"Does commercial/transport OSM POI density plus distance to the town center add information? (No hospital/market/supermarket tags exist in this dataset; this is a documented proxy, "
EXP-I01,feature_accessibility,random_forest,1000m,,,low25_mid50_high25,7,,288,0.38622432148747937,0.33528803096914556,0.3469336882670216,0.3267660757050324,0.37369144267115484,0.28182501708817503,0.3537728937728938,0.3267660757050324,0.3229700563845105,0.24508137046573159,Does distance to Laguna de Bay or to other mapped water add information?
EXP-J01,feature_accessibility,random_forest,1000m,,,low25_mid50_high25,7,,288,0.40217423901634425,0.3646298108512067,0.3614477847811181,0.3498502532911135,0.3934802561332273,0.23839285714285713,0.3267643467643468,0.3498502532911135,0.35336491536162706,0.25458860759779856,"Does distance to the nearest urban grid cell, or the urban share of cells within 5 km, add information beyond the market/tourist features already in the baseline?"
EXP-G01,feature_population,random_forest,1000m,,,low25_mid50_high25,6,,288,0.401073624231519,0.35367195084233627,0.35934649667983004,0.3351503727588843,0.38415821412878176,0.2408524538341983,0.4005128205128205,0.3351503727588843,0.2658407775238775,0.17211031611423866,"Does municipality population density add information? (ADR-0013 caution: this value is constant within a municipality and correlates with municipality identity, which the productio"
EXP-K01,spatial_radius,random_forest,1000m,,,low25_mid50_high25,8,,288,0.4065856950067476,0.3529563386916328,0.3615681909015242,0.3448531821001063,0.3924484629343371,0.2834771241830065,0.3497802197802198,0.3448531821001063,0.28525800473329166,0.2129163761623049,"Does knowing how many nearby OTHER labeled squares were historically Low/Moderate/High (self excluded) add information, the same way the production surrounding-market features use "
EXP-K02,spatial_radius,random_forest,1000m,,,low25_mid50_high25,8,,288,0.3849992502624081,0.33062048753033907,0.34099895499895505,0.32566672240621825,0.3722590166082279,0.27154150197628457,0.3442246642246642,0.32566672240621825,0.29118287931866,0.2231506348325545,Same question at 3 km instead of 5 km.
EXP-COMBINED-01,feature_market,random_forest,1000m,,,low25_mid50_high25,27,,288,0.44066726645674015,0.38885438588531895,0.387690188356855,0.37194573128035974,0.4223296256972205,0.3127586206896552,0.33487179487179486,0.37194573128035974,0.34517064401518177,0.26314597298307796,"Combines every individual feature addition above that beat the baseline on BOTH grouped-CV macro F1 and mean leave-one-municipality-out macro F1: EXP-A01, EXP-A02, EXP-A05, EXP-B02"
