cell_size_m,seed,training_rows,training_listed,training_empty,roc_auc,pr_auc
500,7,244,122,122,0.7332882862498596,0.7152614829953892
500,13,244,122,122,0.7585272245015248,0.6998658489325573
500,21,244,122,122,0.7609210068053052,0.7547443947909513
500,42,244,122,122,0.7756046551039055,0.7422838203903028
500,99,244,122,122,0.7073972471436238,0.6882620819948186
500,101,244,122,122,0.7379347601647741,0.7244012467283423
500,202,244,122,122,0.7118968994135411,0.6767878736499906
500,303,244,122,122,0.7399520915879612,0.7188519444688561
500,404,244,122,122,0.7641890516890517,0.7677815560183762
500,505,244,122,122,0.7038794813119755,0.6905612979810354
1000,7,220,110,110,0.6205890744389195,0.5834766946787774
1000,13,220,110,110,0.703678223223815,0.6492767607162375
1000,21,220,110,110,0.7031934337246604,0.6562831817388667
1000,42,220,110,110,0.7274258287458627,0.7128459949005714
1000,99,220,110,110,0.7365777777777778,0.743435870043416
1000,101,220,110,110,0.7632940501436742,0.7463011010670886
1000,202,220,110,110,0.7118130688814832,0.6748999615120841
1000,303,220,110,110,0.6316666062870996,0.6078039255096603
1000,404,220,110,110,0.7090942061034939,0.6900500328892507
1000,505,220,110,110,0.6393988488013772,0.6029142107613292
1500,7,180,90,90,0.6654209357274565,0.6395906623853063
1500,13,180,90,90,0.7487075257453408,0.7243614080336036
1500,21,180,90,90,0.7153095975232198,0.7032952909873597
1500,42,180,90,90,0.7453129146395401,0.7037297083887702
1500,99,180,90,90,0.642721330956625,0.6335453875797347
1500,101,180,90,90,0.6928042523453195,0.6810686119337326
1500,202,180,90,90,0.7256803542673108,0.718849562646021
1500,303,180,90,90,0.7571163293409265,0.7458373472279626
1500,404,180,90,90,0.6654655565930077,0.6604093480607063
1500,505,180,90,90,0.7523079975579975,0.7533052763130906
2000,7,142,71,71,0.6284466513878277,0.6463863918242225
2000,13,142,71,71,0.6858858992314875,0.6998176900966248
2000,21,142,71,71,0.6715628815628815,0.692646687616105
2000,42,142,71,71,0.6448744882568411,0.6868091954209877
2000,99,142,71,71,0.6997197256805983,0.739082106813387
2000,101,142,71,71,0.7096049701932055,0.7178039268328332
2000,202,142,71,71,0.6266666666666667,0.6132491619662824
2000,303,142,71,71,0.5864970117601697,0.595651978702613
2000,404,142,71,71,0.7524875719518577,0.7750280137541798
2000,505,142,71,71,0.6721327189652981,0.6699320673336427
