,surrounding_mean_revenue,surrounding_mean_occupancy,surrounding_listing_count,listed_places_within_radius,distance_to_listed_tourist_place,airbnb_count_1km,airbnb_count_3km,avg_occupancy_1km,avg_occupancy_3km,avg_revenue_1km,avg_revenue_3km,distance_to_laguna_de_bay,distance_to_nearest_urban_cell_km,distance_to_other_water,distance_to_poblacion,high_performer_pct_5km,low_performer_pct_5km,moderate_performer_pct_5km,nearest_road_distance_km,occupancy_iqr_5km,poi_count_10km,poi_density_commercial,poi_density_transportation,revenue_iqr_5km,road_count_3km,road_density_3km,urban_area_share_5km
surrounding_mean_revenue,1.0,0.09799501417699205,0.4186540773831178,0.001108845485517326,-0.23401716432696348,0.29417044272719844,0.45461816071956707,-0.0427114859646908,-0.003901024295043057,0.33393353753153504,0.6862395569164224,-0.3675327499761202,-0.10312007113817931,-0.09365566794866483,-0.050454857958846064,0.5015191031253268,-0.20103940154303782,-0.20933812212287214,0.04038049211610407,0.12158745130060661,-0.01644588035491203,0.10847526440443131,0.14691220944646527,0.9243011079542145,-0.14093027596256688,-0.140930275962567,0.02455750343526934
surrounding_mean_occupancy,0.09799501417699205,1.0,0.3660859649898295,-0.10050953867460749,0.005468936240388265,0.16652468204050386,0.28430857791306463,0.3660693728763479,0.7228893646813315,0.08110888089326398,0.14884261359915854,-0.2234197838564795,-0.49996509162499375,-0.0052218235659335765,-0.13943407076714553,0.7728951155482942,-0.4920495351168593,-0.160163933648395,-0.22608642578572924,0.7996308047426023,-0.11353556266792184,0.07737618095161398,0.16165113667453512,0.07224397946263018,0.5563855596658724,0.5563855596658723,0.533320497902284
surrounding_listing_count,0.4186540773831178,0.3660859649898295,1.0,-0.22094280370102415,-0.1409084670440234,0.4937999315137758,0.8631110913771557,0.12745659456054464,0.23784970194021976,0.2627358977121058,0.2793137977341225,-0.506524874765091,-0.3770804489960092,-0.3128801486002617,-0.17697711568371793,0.5117848094837202,-0.14125450050036337,-0.2705879316266148,-0.33140282978953267,0.45881105356558266,-0.42307635952780137,0.18469447740013376,0.3152315631661207,0.5096683537705978,0.6339684494754523,0.6339684494754522,0.6920932541703672
listed_places_within_radius,0.001108845485517326,-0.10050953867460749,-0.22094280370102415,1.0,-0.24070073416613702,-0.1141784696173258,-0.1725269344630894,-0.06929210503072612,-0.08294885713469534,-0.010777119254565435,0.019181185071546692,0.2542384934429646,0.15220619327138804,0.2678121853901397,-0.1677948454192984,-0.0785121481051257,0.24944737949388732,-0.16154605757142662,0.10187072624080043,0.006796517172309097,0.6643077793050532,-0.07431657025574846,-0.12430824822425164,0.052916226835877114,-0.2400900366222142,-0.24009003662221443,-0.34915103242794454
distance_to_listed_tourist_place,-0.23401716432696348,0.005468936240388265,-0.1409084670440234,-0.24070073416613702,1.0,-0.10159346293111113,-0.14439803619575053,-0.03283772901209784,-0.02172314255209819,-0.1991992122806019,-0.2374821658381772,0.10369206939224755,0.13929061231608947,0.3173169465088161,0.2559555428034562,0.010602060525467423,0.004051549296996031,-0.011825907578953021,0.029220679441961273,-0.012036917375711541,-0.23212586951823735,-0.09096205169678517,-0.02231376566626102,-0.20352451695751558,0.0320173443290301,0.0320173443290301,0.023844324633703628
airbnb_count_1km,0.29417044272719844,0.16652468204050386,0.4937999315137758,-0.1141784696173258,-0.10159346293111113,1.0,0.6171340381642455,0.08487295075118999,0.0805046866520169,0.20202463000112256,0.2526717218512736,-0.21022170250698644,-0.15664177578348468,-0.1607728654279879,0.01652593045249157,0.2621125704540188,-0.07049221944395045,-0.14023349395445392,-0.2193920045338684,0.19595558537552193,-0.20142574373403396,0.059695026401115014,0.21323627622778032,0.33412817404842055,0.2343141088049856,0.2343141088049857,0.2965843959517701
airbnb_count_3km,0.45461816071956707,0.28430857791306463,0.8631110913771557,-0.1725269344630894,-0.14439803619575053,0.6171340381642455,1.0,0.07269356809146145,0.1338074669414495,0.2743415510006606,0.3277523854958572,-0.41400170769411737,-0.2899805848445641,-0.2635554059860251,-0.11335212708721447,0.44536476003213904,-0.12626273922021197,-0.23249282808684466,-0.27327234188780924,0.3585584942787166,-0.34870379786482897,0.09373209251504246,0.23238577913987335,0.5235352783860973,0.49774088546395584,0.497740885463956,0.5339690138628015
avg_occupancy_1km,-0.0427114859646908,0.3660693728763479,0.12745659456054464,-0.06929210503072612,-0.03283772901209784,0.08487295075118999,0.07269356809146145,1.0,0.5221989197217753,0.5387091111522015,0.24328579868826863,-0.012993173357458433,-0.1762885346239123,0.08489738280311578,0.06626741677185544,0.24952070068438667,-0.07505009460024435,-0.15976024981200965,-0.03145122274162668,0.26624100587775773,-0.08241755524122694,-0.08826917952039778,-0.027442733172250936,-0.08769384895035694,0.1791135135656052,0.17911351356560534,0.22576892828740044
avg_occupancy_3km,-0.003901024295043057,0.7228893646813315,0.23784970194021976,-0.08294885713469534,-0.02172314255209819,0.0805046866520169,0.1338074669414495,0.5221989197217753,1.0,0.23115041247921547,0.3436192465743281,-0.12095357041983269,-0.2856864235692934,0.005671181769947173,-0.036739905253261644,0.5656413981812346,-0.26464760548492117,-0.218247161995126,-0.14258835372702694,0.5482391825524079,-0.0697964356098578,0.0409142830822341,0.0606422279347928,0.005681970368660031,0.36924641441623224,0.3692464144162322,0.3726296998031015
avg_revenue_1km,0.33393353753153504,0.08110888089326398,0.2627358977121058,-0.010777119254565435,-0.1991992122806019,0.20202463000112256,0.2743415510006606,0.5387091111522015,0.23115041247921547,1.0,0.5911095852195943,-0.08111114487052756,-0.018430661887903307,-0.13294395811230497,0.13557471186402142,0.2300494522492899,-0.04162410178197222,-0.16695697308144952,0.10617773824153094,0.045581417924575526,-0.031281802458639735,-0.13813439300735306,-0.10631838200950688,0.3307901923221592,-0.18703348813566048,-0.18703348813566056,0.027309108001748187
avg_revenue_3km,0.6862395569164224,0.14884261359915854,0.2793137977341225,0.019181185071546692,-0.2374821658381772,0.2526717218512736,0.3277523854958572,0.24328579868826863,0.3436192465743281,0.5911095852195943,1.0,-0.18071994218389242,-0.016050203750405605,-0.02816268095004745,0.09292780833383872,0.41316807439776404,-0.12617586908570091,-0.21710724841473925,0.05888339595828847,0.10656203731782508,0.051224748079349576,-0.10564040300551383,-0.09985153614368507,0.6369413289150649,-0.2610268711987552,-0.2610268711987553,-0.07136354536124777
distance_to_laguna_de_bay,-0.3675327499761202,-0.2234197838564795,-0.506524874765091,0.2542384934429646,0.10369206939224755,-0.21022170250698644,-0.41400170769411737,-0.012993173357458433,-0.12095357041983269,-0.08111114487052756,-0.18071994218389242,1.0,0.41649391873106656,0.32319389109742835,0.4153715717165398,-0.41955580423166744,0.16595153838054413,0.17711571903244377,0.17307438485282087,-0.2833397103200879,0.3768537435653592,-0.17676634280491949,-0.19349353744391506,-0.2684334223488376,-0.39167963923312443,-0.39167963923312477,-0.4772736496696837
distance_to_nearest_urban_cell_km,-0.10312007113817931,-0.49996509162499375,-0.3770804489960092,0.15220619327138804,0.13929061231608947,-0.15664177578348468,-0.2899805848445641,-0.1762885346239123,-0.2856864235692934,-0.018430661887903307,-0.016050203750405605,0.41649391873106656,1.0,0.23621760434756658,0.36479923093113936,-0.34917624632550903,0.5206922389161773,-0.19365170228352124,0.20231699539261408,-0.4657043962038536,0.2918153396588408,-0.17104203012436542,-0.1974180887587527,-0.02860223355962067,-0.45892097392167436,-0.4589209739216744,-0.6390220235987947
distance_to_other_water,-0.09365566794866483,-0.0052218235659335765,-0.3128801486002617,0.2678121853901397,0.3173169465088161,-0.1607728654279879,-0.2635554059860251,0.08489738280311578,0.005671181769947173,-0.13294395811230497,-0.02816268095004745,0.32319389109742835,0.23621760434756658,1.0,0.12157464140124392,-0.00305085545361875,0.019860829828232097,-0.015341604099746086,0.13113257790563135,-0.0017083316072999226,0.1733167298684593,-0.18345553794894742,-0.17207871047925097,-0.12802079535219435,-0.18063710288334991,-0.18063710288335003,-0.25962242908197375
distance_to_poblacion,-0.050454857958846064,-0.13943407076714553,-0.17697711568371793,-0.1677948454192984,0.2559555428034562,0.01652593045249157,-0.11335212708721447,0.06626741677185544,-0.036739905253261644,0.13557471186402142,0.09292780833383872,0.4153715717165398,0.36479923093113936,0.12157464140124392,1.0,-0.1063696833866567,0.1496876265395702,-0.05103045572433828,0.10801883970814638,-0.1335552780762965,-0.20774009436262053,-0.28064122642338835,-0.19633272257220644,-0.02758983044001567,-0.2360947904070052,-0.23609479040700526,-0.12047140504065115
high_performer_pct_5km,0.5015191031253268,0.7728951155482942,0.5117848094837202,-0.0785121481051257,0.010602060525467423,0.2621125704540188,0.44536476003213904,0.24952070068438667,0.5656413981812346,0.2300494522492899,0.41316807439776404,-0.41955580423166744,-0.34917624632550903,-0.00305085545361875,-0.1063696833866567,1.0,-0.2859316785603874,-0.5198637938205223,-0.16374142362402616,0.6892839116453328,-0.13709683852015683,0.10259556873094769,0.19320943234859875,0.4830074121713094,0.41235942024736466,0.41235942024736444,0.44778813660439065
low_performer_pct_5km,-0.20103940154303782,-0.4920495351168593,-0.14125450050036337,0.24944737949388732,0.004051549296996031,-0.07049221944395045,-0.12626273922021197,-0.07505009460024435,-0.26464760548492117,-0.04162410178197222,-0.12617586908570091,0.16595153838054413,0.5206922389161773,0.019860829828232097,0.1496876265395702,-0.2859316785603874,1.0,-0.6699387408141789,0.054631955043008544,-0.21338997365878257,0.28726174454387376,-0.05392169546436677,-0.09286622730197706,-0.10066085299297833,-0.16138127794074295,-0.16138127794074306,-0.23743860680897957
moderate_performer_pct_5km,-0.20933812212287214,-0.160163933648395,-0.2705879316266148,-0.16154605757142662,-0.011825907578953021,-0.14023349395445392,-0.23249282808684466,-0.15976024981200965,-0.218247161995126,-0.16695697308144952,-0.21710724841473925,0.17711571903244377,-0.19365170228352124,-0.015341604099746086,-0.05103045572433828,-0.5198637938205223,-0.6699387408141789,1.0,0.078158113997413,-0.3438011567291192,-0.14986711781146025,-0.03141775879432948,-0.06690420043792682,-0.28448021256832934,-0.17561446968906988,-0.17561446968906982,-0.13526064760780124
nearest_road_distance_km,0.04038049211610407,-0.22608642578572924,-0.33140282978953267,0.10187072624080043,0.029220679441961273,-0.2193920045338684,-0.27327234188780924,-0.03145122274162668,-0.14258835372702694,0.10617773824153094,0.05888339595828847,0.17307438485282087,0.20231699539261408,0.13113257790563135,0.10801883970814638,-0.16374142362402616,0.054631955043008544,0.078158113997413,1.0,-0.30902265806957213,0.23440302318816672,-0.25516944969290617,-0.2765360183868625,-0.0034279971026879947,-0.46588940476867663,-0.4658894047686765,-0.408375188160459
occupancy_iqr_5km,0.12158745130060661,0.7996308047426023,0.45881105356558266,0.006796517172309097,-0.012036917375711541,0.19595558537552193,0.3585584942787166,0.26624100587775773,0.5482391825524079,0.045581417924575526,0.10656203731782508,-0.2833397103200879,-0.4657043962038536,-0.0017083316072999226,-0.1335552780762965,0.6892839116453328,-0.21338997365878257,-0.3438011567291192,-0.30902265806957213,1.0,-0.08053052722925866,0.09341442398844813,0.18793485963524562,0.15058797842126156,0.6068049189069045,0.6068049189069048,0.5741922515603471
poi_count_10km,-0.01644588035491203,-0.11353556266792184,-0.42307635952780137,0.6643077793050532,-0.23212586951823735,-0.20142574373403396,-0.34870379786482897,-0.08241755524122694,-0.0697964356098578,-0.031281802458639735,0.051224748079349576,0.3768537435653592,0.2918153396588408,0.1733167298684593,-0.20774009436262053,-0.13709683852015683,0.28726174454387376,-0.14986711781146025,0.23440302318816672,-0.08053052722925866,1.0,-0.10035206322875435,-0.18731563966843195,0.004543601809186543,-0.4471822406406069,-0.4471822406406073,-0.5899781103916116
poi_density_commercial,0.10847526440443131,0.07737618095161398,0.18469447740013376,-0.07431657025574846,-0.09096205169678517,0.059695026401115014,0.09373209251504246,-0.08826917952039778,0.0409142830822341,-0.13813439300735306,-0.10564040300551383,-0.17676634280491949,-0.17104203012436542,-0.18345553794894742,-0.28064122642338835,0.10259556873094769,-0.05392169546436677,-0.03141775879432948,-0.25516944969290617,0.09341442398844813,-0.10035206322875435,1.0,0.5946285705704863,0.11154783547760756,0.30122972605192677,0.3012297260519268,0.23253266561701716
poi_density_transportation,0.14691220944646527,0.16165113667453512,0.3152315631661207,-0.12430824822425164,-0.02231376566626102,0.21323627622778032,0.23238577913987335,-0.027442733172250936,0.0606422279347928,-0.10631838200950688,-0.09985153614368507,-0.19349353744391506,-0.1974180887587527,-0.17207871047925097,-0.19633272257220644,0.19320943234859875,-0.09286622730197706,-0.06690420043792682,-0.2765360183868625,0.18793485963524562,-0.18731563966843195,0.5946285705704863,1.0,0.16067002142613931,0.4144112787675542,0.4144112787675544,0.3480612059096821
revenue_iqr_5km,0.9243011079542145,0.07224397946263018,0.5096683537705978,0.052916226835877114,-0.20352451695751558,0.33412817404842055,0.5235352783860973,-0.08769384895035694,0.005681970368660031,0.3307901923221592,0.6369413289150649,-0.2684334223488376,-0.02860223355962067,-0.12802079535219435,-0.02758983044001567,0.4830074121713094,-0.10066085299297833,-0.28448021256832934,-0.0034279971026879947,0.15058797842126156,0.004543601809186543,0.11154783547760756,0.16067002142613931,1.0,-0.070714062114709,-0.07071406211470903,0.07012223172492248
road_count_3km,-0.14093027596256688,0.5563855596658724,0.6339684494754523,-0.2400900366222142,0.0320173443290301,0.2343141088049856,0.49774088546395584,0.1791135135656052,0.36924641441623224,-0.18703348813566048,-0.2610268711987552,-0.39167963923312443,-0.45892097392167436,-0.18063710288334991,-0.2360947904070052,0.41235942024736466,-0.16138127794074295,-0.17561446968906988,-0.46588940476867663,0.6068049189069045,-0.4471822406406069,0.30122972605192677,0.4144112787675542,-0.070714062114709,1.0,1.0,0.8499301227287525
road_density_3km,-0.140930275962567,0.5563855596658723,0.6339684494754522,-0.24009003662221443,0.0320173443290301,0.2343141088049857,0.497740885463956,0.17911351356560534,0.3692464144162322,-0.18703348813566056,-0.2610268711987553,-0.39167963923312477,-0.4589209739216744,-0.18063710288335003,-0.23609479040700526,0.41235942024736444,-0.16138127794074306,-0.17561446968906982,-0.4658894047686765,0.6068049189069048,-0.4471822406406073,0.3012297260519268,0.4144112787675544,-0.07071406211470903,1.0,1.0,0.8499301227287527
urban_area_share_5km,0.02455750343526934,0.533320497902284,0.6920932541703672,-0.34915103242794454,0.023844324633703628,0.2965843959517701,0.5339690138628015,0.22576892828740044,0.3726296998031015,0.027309108001748187,-0.07136354536124777,-0.4772736496696837,-0.6390220235987947,-0.25962242908197375,-0.12047140504065115,0.44778813660439065,-0.23743860680897957,-0.13526064760780124,-0.408375188160459,0.5741922515603471,-0.5899781103916116,0.23253266561701716,0.3480612059096821,0.07012223172492248,0.8499301227287525,0.8499301227287527,1.0
